{"cameraMode":{"drawMode":0,"name":"Shaded","section":"Shading Mode"},"sceneLighting":true,"audioPlay":false,"sceneViewState":{"showFog":true,"showMaterialUpdate":false,"showSkybox":true,"showFlares":true,"showImageEffects":true,"showParticleSystems":true},"in2DMode":false,"pivot":{"x":-0.29753875732421877,"y":4.439559459686279,"z":200.2814483642578},"rotation":{"x":0.0838799923658371,"y":-0.022418752312660219,"z":0.0018876944668591023,"w":0.9962218403816223},"size":8.071525573730469,"orthographic":true}