{"cameraMode":{"drawMode":0,"name":"Shaded","section":"Shading Mode"},"sceneLighting":true,"audioPlay":false,"sceneViewState":{"showFog":true,"showMaterialUpdate":false,"showSkybox":true,"showFlares":true,"showImageEffects":true,"showParticleSystems":true},"in2DMode":false,"pivot":{"x":23.588523864746095,"y":-28.566883087158204,"z":161.95578002929688},"rotation":{"x":0.4886382520198822,"y":-0.34870073199272158,"z":0.2217392772436142,"w":0.7684218883514404},"size":236.0799560546875,"orthographic":true}