{"cameraMode":{"drawMode":0,"name":"Shaded","section":"Shading Mode"},"sceneLighting":true,"audioPlay":false,"sceneViewState":{"showFog":true,"showMaterialUpdate":false,"showSkybox":true,"showFlares":true,"showImageEffects":true,"showParticleSystems":true},"in2DMode":false,"pivot":{"x":-0.29753875732421877,"y":4.439559459686279,"z":200.2814483642578},"rotation":{"x":0.0838799998164177,"y":-0.022418754175305368,"z":0.001887694583274424,"w":0.9962218999862671},"size":8.279053688049317,"orthographic":true}