{"cameraMode":{"drawMode":0,"name":"Shaded","section":"Shading Mode"},"sceneLighting":true,"audioPlay":false,"sceneViewState":{"showFog":true,"showMaterialUpdate":false,"showSkybox":true,"showFlares":true,"showImageEffects":true,"showParticleSystems":true},"in2DMode":false,"pivot":{"x":56.39082717895508,"y":14.546550750732422,"z":86.39716339111328},"rotation":{"x":0.2977505028247833,"y":-0.32784774899482729,"z":0.10970067977905274,"w":0.8898462057113648},"size":196.37330627441407,"orthographic":true}