{"cameraMode":{"drawMode":0,"name":"Shaded","section":"Shading Mode"},"sceneLighting":true,"audioPlay":false,"sceneViewState":{"showFog":true,"showMaterialUpdate":true,"showSkybox":true,"showFlares":true,"showImageEffects":true,"showParticleSystems":true},"in2DMode":false,"pivot":{"x":6.300173282623291,"y":7.755858421325684,"z":0.6552828550338745},"rotation":{"x":0.737526535987854,"y":-0.00033755411277525127,"z":0.0003690180601552129,"w":0.6753219366073608},"size":11.3306303024292,"orthographic":true}