{"cameraMode":{"drawMode":0,"name":"Shaded","section":"Shading Mode"},"sceneLighting":true,"audioPlay":false,"sceneViewState":{"showFog":true,"showMaterialUpdate":true,"showSkybox":true,"showFlares":true,"showImageEffects":true,"showParticleSystems":true},"in2DMode":false,"pivot":{"x":-0.0005963370786048472,"y":0.41797497868537905,"z":0.006270013749599457},"rotation":{"x":0.014258312992751599,"y":-0.5729324817657471,"z":0.009968318976461888,"w":0.8194178938865662},"size":3.159907579421997,"orthographic":true}