{"cameraMode":{"drawMode":0,"name":"Shaded","section":"Shading Mode"},"sceneLighting":true,"audioPlay":false,"sceneViewState":{"showFog":true,"showMaterialUpdate":true,"showSkybox":true,"showFlares":true,"showImageEffects":true,"showParticleSystems":true},"in2DMode":false,"pivot":{"x":-0.7716374397277832,"y":1.7535300254821778,"z":-0.36167681217193606},"rotation":{"x":-0.0004393246490508318,"y":0.9995049834251404,"z":-0.02689138799905777,"w":-0.01632719114422798},"size":4.212047576904297,"orthographic":true}