{"cameraMode":{"drawMode":0,"name":"Shaded","section":"Shading Mode"},"sceneLighting":true,"audioPlay":false,"sceneViewState":{"showFog":true,"showMaterialUpdate":true,"showSkybox":true,"showFlares":true,"showImageEffects":true,"showParticleSystems":true},"in2DMode":false,"pivot":{"x":-0.0009331107139587402,"y":1.3324840068817139,"z":0.0},"rotation":{"x":0.17912983894348145,"y":-0.05604474991559982,"z":0.010221467353403569,"w":0.9821746349334717},"size":4.344682693481445,"orthographic":true}