{"cameraMode":{"drawMode":0,"name":"Shaded","section":"Shading Mode"},"sceneLighting":true,"audioPlay":false,"sceneViewState":{"showFog":true,"showMaterialUpdate":true,"showSkybox":true,"showFlares":true,"showImageEffects":true,"showParticleSystems":true},"in2DMode":false,"pivot":{"x":-45.72106170654297,"y":-15.322500228881836,"z":137.96063232421876},"rotation":{"x":0.43427932262420657,"y":0.33255723118782046,"z":-0.17648549377918244,"w":0.8183276057243347},"size":230.08651733398438,"orthographic":true}