{"cameraMode":{"drawMode":0,"name":"Shaded","section":"Shading Mode"},"sceneLighting":true,"audioPlay":false,"sceneViewState":{"showFog":true,"showMaterialUpdate":true,"showSkybox":true,"showFlares":true,"showImageEffects":true,"showParticleSystems":true},"in2DMode":false,"pivot":{"x":3.4717164039611818,"y":8.482786178588868,"z":100.68606567382813},"rotation":{"x":0.08797023445367813,"y":0.24975568056106568,"z":-0.022791344672441484,"w":0.9640352725982666},"size":28.988788604736329,"orthographic":true}