{"cameraMode":{"drawMode":0,"name":"Shaded","section":"Shading Mode"},"sceneLighting":true,"audioPlay":false,"sceneViewState":{"showFog":true,"showMaterialUpdate":true,"showSkybox":true,"showFlares":true,"showImageEffects":true,"showParticleSystems":true},"in2DMode":false,"pivot":{"x":34.62000274658203,"y":8.219999313354493,"z":111.0999984741211},"rotation":{"x":-0.349041610956192,"y":-0.27421388030052187,"z":0.10758715122938156,"w":-0.8896076083183289},"size":136.78021240234376,"orthographic":true}